{
	"EnemySpawnerObjects": [
		"Enemy Spawner Top",
		"Enemy Spawner Bottom"
	],
	"ambient": {
		"x": 0.10000000149011612,
		"y": 0.10000000149011612,
		"z": 0.10000000149011612
	},
	"default_material": "null",
	"lights": [],
	"main_camera": "e59bc55a-e1c6-8a4c-be32-9cbcae8766dc",
	"objects": [
		{
			"children": [],
			"components": {
				"Gameplay::Camera": {
					"clear_color": {
						"w": -431602080.0,
						"x": -431602080.0,
						"y": -431602080.0,
						"z": -431602080.0
					},
					"enabled": true,
					"far_plane": 1000.0,
					"fov_radians": 1.5707963705062866,
					"guid": "e59bc55a-e1c6-8a4c-be32-9cbcae8766dc",
					"near_plane": 0.10000000149011612,
					"ortho_enabled": false,
					"ortho_size": 10.0
				},
				"SimpleCameraControl": {
					"enabled": true,
					"guid": "0a5490dc-ee92-9349-87a7-7e4343c70345",
					"mouse_sensitivity": {
						"x": 0.5,
						"y": 0.30000001192092896
					},
					"move_speed": {
						"x": 10.0,
						"y": 10.0,
						"z": 10.0
					},
					"shift_mult": 4.0
				}
			},
			"guid": "64625755-703c-9949-8b75-2d8b47a05531",
			"hide_in_inspector": false,
			"name": "Main Camera",
			"parent": "null",
			"position": {
				"x": 10.0,
				"y": 35.0,
				"z": 15.0
			},
			"rotation": {
				"w": 0.7071067690849304,
				"x": -0.7071067690849304,
				"y": 0.0,
				"z": 0.0
			},
			"scale": {
				"x": 1.0,
				"y": 1.0,
				"z": 1.0
			}
		},
		{
			"children": [],
			"components": {
				"AbilityBehaviour": {
					"Ability": "Moderna",
					"Ability Index": 2,
					"enabled": true,
					"guid": "4230f89d-f5aa-0144-b91b-a5c5edbfa953"
				},
				"Gameplay::Physics::TriggerVolume": {
					"colliders": [
						{
							"extents": {
								"x": 1.0,
								"y": 1.0,
								"z": 1.0
							},
							"guid": "e21b4714-54f2-e04f-a9ce-f3a80fa0e5a9",
							"type": "Box"
						}
					],
					"enabled": true,
					"group": 1,
					"guid": "1a3f4356-1309-2f4e-9bb8-fbcdbc0568ce",
					"mask": -1
				},
				"PlayerBehaviour": {
					"Enemies Killed": 0,
					"enabled": true,
					"guid": "d7f17e63-ddfd-0f49-9afe-c585cc72fca3"
				},
				"RenderComponent": {
					"enabled": true,
					"guid": "41355525-0c12-0e49-9369-7e6c0bd354f8",
					"material": "68c3c47f-35a2-fb4b-aeac-24b949bfc740",
					"mesh": "314c6970-8c1f-2347-b2a6-fdd2aad23e6d"
				}
			},
			"guid": "15983451-38e0-fc4a-bb7a-5f40b0e61460",
			"hide_in_inspector": false,
			"name": "Player",
			"parent": "null",
			"position": {
				"x": 0.0,
				"y": 0.0,
				"z": 0.0
			},
			"rotation": {
				"w": 1.0,
				"x": 0.0,
				"y": 0.0,
				"z": 0.0
			},
			"scale": {
				"x": 1.0,
				"y": 1.0,
				"z": 1.0
			}
		},
		{
			"children": [],
			"components": null,
			"guid": "37f529b1-7f19-a74b-a8e5-60bf8875ad49",
			"hide_in_inspector": false,
			"name": "List Of Targets",
			"parent": "null",
			"position": {
				"x": 0.0,
				"y": 0.0,
				"z": 0.0
			},
			"rotation": {
				"w": 1.0,
				"x": 0.0,
				"y": 0.0,
				"z": 0.0
			},
			"scale": {
				"x": 1.0,
				"y": 1.0,
				"z": 1.0
			}
		},
		{
			"children": [],
			"components": {
				"TargetController": {
					"TargetFrames": [],
					"TargetMaterials": [
						"4fb507f2-4821-a84d-af2c-8118b1171ab9",
						"21481105-4055-104d-b7fd-8658875a3f65",
						"b42d21fc-cb42-d442-9553-e3663019e93c",
						"b39ef347-94dc-484f-8d51-9b0f439df98b"
					],
					"TargetMeshs": [
						"7b9d507a-ca5e-0e47-bc77-a0c3d35ba69e",
						"6ecc02ee-3572-1c43-bed4-b7da231cae99",
						"4f69dd8f-1b90-3444-89c2-b8b353bbfeb9",
						"2ce7636d-7fa4-a045-9fc0-7fc8e0109eff"
					],
					"TargetNames": [
						"Left Lung",
						"Right Lung",
						"Heart",
						"Kidney"
					],
					"TargetPositions": [
						{
							"x": 50.0,
							"y": 0.0,
							"z": 0.0
						},
						{
							"x": -50.0,
							"y": 0.0,
							"z": 0.0
						},
						{
							"x": 10.0,
							"y": 10.0,
							"z": 10.0
						},
						{
							"x": 50.0,
							"y": 50.0,
							"z": -50.0
						}
					],
					"enabled": true,
					"guid": "9da620d6-3450-d14e-a69d-a7bf142052db"
				}
			},
			"guid": "2b05cabe-eac9-614c-a0f4-e3b2a397d6a8",
			"hide_in_inspector": false,
			"name": "Target Spawner",
			"parent": "null",
			"position": {
				"x": 0.0,
				"y": 0.0,
				"z": 0.0
			},
			"rotation": {
				"w": 1.0,
				"x": 0.0,
				"y": 0.0,
				"z": 0.0
			},
			"scale": {
				"x": 1.0,
				"y": 1.0,
				"z": 1.0
			}
		},
		{
			"children": [],
			"components": null,
			"guid": "91d5c02c-dc2b-3948-9436-5557f528f3dd",
			"hide_in_inspector": false,
			"name": "Enemies",
			"parent": "null",
			"position": {
				"x": 0.0,
				"y": 0.0,
				"z": 0.0
			},
			"rotation": {
				"w": 1.0,
				"x": 0.0,
				"y": 0.0,
				"z": 0.0
			},
			"scale": {
				"x": 1.0,
				"y": 1.0,
				"z": 1.0
			}
		},
		{
			"children": [],
			"components": {
				"EnemySpawnerBehaviour": {
					"Fast Enemy Speed": 0.5,
					"FastEnemyFrames": [],
					"FastEnemyMaterial": "7ee2c435-e4d0-9c42-a987-ec24984655ae",
					"FastEnemyMesh": "5ce5417f-64d0-e046-b750-06aade2ada1e",
					"Large Enemy Speed": 0.10000000149011612,
					"LargeEnemyFrames": [
						"d0d54ffa-36bc-1c45-b243-56e4da046e7e",
						"0a2220fe-455d-e84d-a2c8-543b2edbe654",
						"9936afb0-51bd-664d-abdd-cf783d5ac72b",
						"dff5c479-f2dc-fc4b-ab67-9be216634913"
					],
					"LargeEnemyMaterial": "eedaff1f-52cd-1148-b477-04fde89546ac",
					"LargeEnemyMesh": "761e172f-d043-3140-9d47-90dce152e65c",
					"Normal Enemy Speed": 0.30000001192092896,
					"NormalEnemyFrames": [
						"e01feee2-8939-974f-8a4a-aecb6fb81f26",
						"704e29cf-0302-a14e-b6a5-8043b8ad0fee",
						"889f6409-2e91-0f42-ba51-f4e45ab09981",
						"660073a4-37a0-e741-89cc-715d27fcdfbb"
					],
					"NormalEnemyMaterial": "2f472595-0a26-7740-9964-f1860ef9bdc4",
					"NormalEnemyMesh": "0610d56a-9539-0d4c-be39-03787f3184ca",
					"enabled": true,
					"guid": "c90b0149-ae09-bf4f-85a5-9bc2b0b2978e"
				}
			},
			"guid": "8c315747-ac36-2b41-943c-c37e3f24077a",
			"hide_in_inspector": false,
			"name": "Enemy Spawner Top",
			"parent": "null",
			"position": {
				"x": 0.0,
				"y": 0.0,
				"z": 100.0
			},
			"rotation": {
				"w": 1.0,
				"x": 0.0,
				"y": 0.0,
				"z": 0.0
			},
			"scale": {
				"x": 1.0,
				"y": 1.0,
				"z": 1.0
			}
		},
		{
			"children": [],
			"components": {
				"EnemySpawnerBehaviour": {
					"Fast Enemy Speed": 0.5,
					"FastEnemyFrames": [],
					"FastEnemyMaterial": "7ee2c435-e4d0-9c42-a987-ec24984655ae",
					"FastEnemyMesh": "5ce5417f-64d0-e046-b750-06aade2ada1e",
					"Large Enemy Speed": 0.10000000149011612,
					"LargeEnemyFrames": [
						"d0d54ffa-36bc-1c45-b243-56e4da046e7e",
						"0a2220fe-455d-e84d-a2c8-543b2edbe654",
						"9936afb0-51bd-664d-abdd-cf783d5ac72b",
						"dff5c479-f2dc-fc4b-ab67-9be216634913"
					],
					"LargeEnemyMaterial": "eedaff1f-52cd-1148-b477-04fde89546ac",
					"LargeEnemyMesh": "761e172f-d043-3140-9d47-90dce152e65c",
					"Normal Enemy Speed": 0.30000001192092896,
					"NormalEnemyFrames": [
						"e01feee2-8939-974f-8a4a-aecb6fb81f26",
						"704e29cf-0302-a14e-b6a5-8043b8ad0fee",
						"889f6409-2e91-0f42-ba51-f4e45ab09981",
						"660073a4-37a0-e741-89cc-715d27fcdfbb"
					],
					"NormalEnemyMaterial": "2f472595-0a26-7740-9964-f1860ef9bdc4",
					"NormalEnemyMesh": "0610d56a-9539-0d4c-be39-03787f3184ca",
					"enabled": true,
					"guid": "49223fd4-2392-5545-86cd-603002c247b5"
				}
			},
			"guid": "027aa4a0-febe-3846-8b35-1e419f336ecf",
			"hide_in_inspector": false,
			"name": "Enemy Spawner Bottom",
			"parent": "null",
			"position": {
				"x": 0.0,
				"y": 0.0,
				"z": -100.0
			},
			"rotation": {
				"w": 1.0,
				"x": 0.0,
				"y": 0.0,
				"z": 0.0
			},
			"scale": {
				"x": 1.0,
				"y": 1.0,
				"z": 1.0
			}
		},
		{
			"children": [
				{
					"children": [],
					"components": {
						"BackgroundObjectsBehaviour": {
							"BezierMode": true,
							"enabled": true,
							"guid": "d2b21615-5a5a-9347-90ba-449591003dd8"
						},
						"RenderComponent": {
							"enabled": true,
							"guid": "f04b704f-7ab6-6543-b0e5-3dba33b19169",
							"material": "fb2ebb39-246c-c447-ba0b-b2e7d908cfef",
							"mesh": "333198bc-f046-5a45-8021-f66ceec563e4"
						}
					},
					"guid": "c3646984-28a9-6041-b970-f850fa771691",
					"hide_in_inspector": false,
					"name": "APC",
					"parent": "fa8a3f57-728b-ba4a-80c2-d281a8339b2b",
					"position": {
						"x": -9.0,
						"y": 17.0,
						"z": -16.0
					},
					"rotation": {
						"w": 1.0,
						"x": 0.0,
						"y": 0.0,
						"z": 0.0
					},
					"scale": {
						"x": 1.0,
						"y": 1.0,
						"z": 1.0
					}
				},
				{
					"children": [],
					"components": {
						"BackgroundObjectsBehaviour": {
							"BezierMode": false,
							"enabled": true,
							"guid": "0ff1fb65-3feb-af4d-9523-75b765920b9c"
						},
						"RenderComponent": {
							"enabled": true,
							"guid": "4b099bf4-73f9-1c44-8922-ab30010f6b6d",
							"material": "25ebd9ca-45d4-8c41-bc73-727eff007270",
							"mesh": "f6d85ff1-986e-954d-8689-0351961a2a19"
						}
					},
					"guid": "d125d602-42e7-924d-8991-e4e835a8cdf9",
					"hide_in_inspector": false,
					"name": "APC2",
					"parent": "fa8a3f57-728b-ba4a-80c2-d281a8339b2b",
					"position": {
						"x": -50.0,
						"y": 19.0,
						"z": -26.0
					},
					"rotation": {
						"w": 1.0,
						"x": 0.0,
						"y": 0.0,
						"z": 0.0
					},
					"scale": {
						"x": 1.0,
						"y": 1.0,
						"z": 1.0
					}
				},
				{
					"children": [],
					"components": {
						"BackgroundObjectsBehaviour": {
							"BezierMode": true,
							"enabled": true,
							"guid": "5ba236be-f4a5-6247-8734-c1997cb5c918"
						},
						"RenderComponent": {
							"enabled": true,
							"guid": "a47f4a3e-f612-0640-a560-2eb35cc3340d",
							"material": "84a94a38-d6ab-f641-8ce5-ba46140758c1",
							"mesh": "aabc4370-9f7b-ec47-9726-85ab9ceaa648"
						}
					},
					"guid": "7764274c-9a87-d64e-a117-2789871c4611",
					"hide_in_inspector": false,
					"name": "Bronchi",
					"parent": "fa8a3f57-728b-ba4a-80c2-d281a8339b2b",
					"position": {
						"x": 28.0,
						"y": 8.0,
						"z": 12.0
					},
					"rotation": {
						"w": 1.0,
						"x": 0.0,
						"y": 0.0,
						"z": 0.0
					},
					"scale": {
						"x": 1.0,
						"y": 1.0,
						"z": 1.0
					}
				},
				{
					"children": [],
					"components": {
						"BackgroundObjectsBehaviour": {
							"BezierMode": true,
							"enabled": true,
							"guid": "59c47a0c-4e2b-eb4a-b088-921079f3fc3b"
						},
						"RenderComponent": {
							"enabled": true,
							"guid": "60cd68fd-0c3e-334e-a4a5-968e05bd24a1",
							"material": "36a446d0-8dc8-6948-bb41-5c391d855a41",
							"mesh": "dee4ddb4-14fa-4a41-8fd5-b881cf981805"
						}
					},
					"guid": "e80b4cb6-7d60-da42-af15-298146eab96f",
					"hide_in_inspector": false,
					"name": "Cell",
					"parent": "fa8a3f57-728b-ba4a-80c2-d281a8339b2b",
					"position": {
						"x": 14.0,
						"y": -45.0,
						"z": -5.0
					},
					"rotation": {
						"w": 1.0,
						"x": 0.0,
						"y": 0.0,
						"z": 0.0
					},
					"scale": {
						"x": 1.0,
						"y": 1.0,
						"z": 1.0
					}
				},
				{
					"children": [],
					"components": {
						"BackgroundObjectsBehaviour": {
							"BezierMode": false,
							"enabled": true,
							"guid": "91252472-2dfe-3c4d-911a-3d1abf818753"
						},
						"RenderComponent": {
							"enabled": true,
							"guid": "273ea5fb-f5f8-2e44-9f3e-f7d801bcb2ab",
							"material": "f64dc1f4-9685-6b4a-851c-cfeac697e780",
							"mesh": "0ba42728-fe1e-8349-a661-5fd703d3adc1"
						}
					},
					"guid": "0820a291-5bd9-4b48-a8e5-4653b6befcd9",
					"hide_in_inspector": false,
					"name": "Cell2",
					"parent": "fa8a3f57-728b-ba4a-80c2-d281a8339b2b",
					"position": {
						"x": 31.0,
						"y": -23.0,
						"z": 11.0
					},
					"rotation": {
						"w": 1.0,
						"x": 0.0,
						"y": 0.0,
						"z": 0.0
					},
					"scale": {
						"x": 1.0,
						"y": 1.0,
						"z": 1.0
					}
				},
				{
					"children": [],
					"components": {
						"BackgroundObjectsBehaviour": {
							"BezierMode": true,
							"enabled": true,
							"guid": "300d609d-ce1e-ce4b-8a4c-d10f7e33f50c"
						},
						"RenderComponent": {
							"enabled": true,
							"guid": "647242ad-7c5a-1b43-a0c2-7f7ff1e0b073",
							"material": "c5fdbbbb-d3e9-eb44-9710-47ad67c1d6e1",
							"mesh": "74b6487c-4685-bb48-b882-b01d7282d257"
						}
					},
					"guid": "ed757c12-312b-864e-bfac-1850d0843153",
					"hide_in_inspector": false,
					"name": "Co2",
					"parent": "fa8a3f57-728b-ba4a-80c2-d281a8339b2b",
					"position": {
						"x": 41.0,
						"y": 45.0,
						"z": -8.0
					},
					"rotation": {
						"w": 1.0,
						"x": 0.0,
						"y": 0.0,
						"z": 0.0
					},
					"scale": {
						"x": 1.0,
						"y": 1.0,
						"z": 1.0
					}
				},
				{
					"children": [],
					"components": {
						"BackgroundObjectsBehaviour": {
							"BezierMode": true,
							"enabled": true,
							"guid": "c968f78b-4123-8647-a3cf-3cf5a8243c0c"
						},
						"RenderComponent": {
							"enabled": true,
							"guid": "8985287e-8ca9-e243-803b-33c2738c5d82",
							"material": "1adf3042-6a18-3d47-a01d-5b07c0681994",
							"mesh": "5ae21b22-1bc1-004e-91bd-fb0076644ac3"
						}
					},
					"guid": "3d77af4f-8e5a-c94c-8cc6-1b5b877167a3",
					"hide_in_inspector": false,
					"name": "Mca",
					"parent": "fa8a3f57-728b-ba4a-80c2-d281a8339b2b",
					"position": {
						"x": -23.0,
						"y": -14.0,
						"z": 41.0
					},
					"rotation": {
						"w": 1.0,
						"x": 0.0,
						"y": 0.0,
						"z": 0.0
					},
					"scale": {
						"x": 1.0,
						"y": 1.0,
						"z": 1.0
					}
				},
				{
					"children": [],
					"components": {
						"BackgroundObjectsBehaviour": {
							"BezierMode": false,
							"enabled": true,
							"guid": "dd95d95a-c6bf-0e4d-ae20-c1f690d38689"
						},
						"RenderComponent": {
							"enabled": true,
							"guid": "de460a1c-c836-a343-bac5-4ff5daaeeb84",
							"material": "9f270877-5b25-4547-a159-f59c1f4481a7",
							"mesh": "dc530eac-7e22-0741-a3c0-80e91fa9879f"
						}
					},
					"guid": "ce1c6148-c823-f14f-95fb-61c0832dd2f7",
					"hide_in_inspector": false,
					"name": "Microbiota",
					"parent": "fa8a3f57-728b-ba4a-80c2-d281a8339b2b",
					"position": {
						"x": -46.0,
						"y": -48.0,
						"z": 3.0
					},
					"rotation": {
						"w": 1.0,
						"x": 0.0,
						"y": 0.0,
						"z": 0.0
					},
					"scale": {
						"x": 1.0,
						"y": 1.0,
						"z": 1.0
					}
				},
				{
					"children": [],
					"components": {
						"BackgroundObjectsBehaviour": {
							"BezierMode": false,
							"enabled": true,
							"guid": "dfe0991b-94f6-3b45-bd56-ef0ea149a0a8"
						},
						"RenderComponent": {
							"enabled": true,
							"guid": "0111e697-146d-7d41-b2b0-b726ca98496f",
							"material": "535a2683-f72e-5740-ae97-a54d9d806823",
							"mesh": "9496f88d-cb6e-6f49-a99a-38db4aae4156"
						}
					},
					"guid": "a37f6b2d-9e5e-6f41-9787-e2734bcb6861",
					"hide_in_inspector": false,
					"name": "NewGerm",
					"parent": "fa8a3f57-728b-ba4a-80c2-d281a8339b2b",
					"position": {
						"x": 42.0,
						"y": 32.0,
						"z": -29.0
					},
					"rotation": {
						"w": 1.0,
						"x": 0.0,
						"y": 0.0,
						"z": 0.0
					},
					"scale": {
						"x": 1.0,
						"y": 1.0,
						"z": 1.0
					}
				},
				{
					"children": [],
					"components": {
						"BackgroundObjectsBehaviour": {
							"BezierMode": false,
							"enabled": true,
							"guid": "7d0f97e7-8307-5145-9bb0-38222d29f590"
						},
						"RenderComponent": {
							"enabled": true,
							"guid": "4d05c661-e110-3743-9e9a-749ba98f70ff",
							"material": "e57822e9-0ea3-ec42-b9a2-a2e01cf65f28",
							"mesh": "871420c4-416a-5c48-bebb-fda72a3d696d"
						}
					},
					"guid": "a65107c3-78c9-5c49-b4f3-9b3fd51fddbb",
					"hide_in_inspector": false,
					"name": "Oxygen",
					"parent": "fa8a3f57-728b-ba4a-80c2-d281a8339b2b",
					"position": {
						"x": -34.0,
						"y": -32.0,
						"z": 45.0
					},
					"rotation": {
						"w": 1.0,
						"x": 0.0,
						"y": 0.0,
						"z": 0.0
					},
					"scale": {
						"x": 1.0,
						"y": 1.0,
						"z": 1.0
					}
				},
				{
					"children": [],
					"components": {
						"RenderComponent": {
							"enabled": true,
							"guid": "727748b7-b083-7a4a-9ed3-f97b16884438",
							"material": "f3e7241c-978a-2e4f-87a5-9eef588e4d0d",
							"mesh": "6bdc817a-db79-314c-8376-506e8c61caf7"
						}
					},
					"guid": "15a0f629-3329-2141-8d9e-76ae94c280c6",
					"hide_in_inspector": false,
					"name": "Top Pipe Entrance",
					"parent": "fa8a3f57-728b-ba4a-80c2-d281a8339b2b",
					"position": {
						"x": 0.0,
						"y": 0.0,
						"z": 100.0
					},
					"rotation": {
						"w": 0.7071067690849304,
						"x": 0.7071067690849304,
						"y": 0.0,
						"z": 0.0
					},
					"scale": {
						"x": 5.0,
						"y": 5.0,
						"z": 5.0
					}
				},
				{
					"children": [],
					"components": {
						"RenderComponent": {
							"enabled": true,
							"guid": "9ca4f5ea-3737-234c-9931-b2a4a76606df",
							"material": "f3e7241c-978a-2e4f-87a5-9eef588e4d0d",
							"mesh": "6bdc817a-db79-314c-8376-506e8c61caf7"
						}
					},
					"guid": "80816fe1-4f12-e748-b663-5a5ed3f9e478",
					"hide_in_inspector": false,
					"name": "Bottom Pipe Entrance",
					"parent": "fa8a3f57-728b-ba4a-80c2-d281a8339b2b",
					"position": {
						"x": 0.0,
						"y": 0.0,
						"z": -100.0
					},
					"rotation": {
						"w": -3.0908619663705394e-08,
						"x": -3.0908619663705394e-08,
						"y": 0.7071067690849304,
						"z": -0.7071067690849304
					},
					"scale": {
						"x": 5.0,
						"y": 5.0,
						"z": 5.0
					}
				},
				{
					"children": [],
					"components": {
						"BackgroundObjectsBehaviour": {
							"BezierMode": true,
							"enabled": true,
							"guid": "6fe4a91d-4900-f548-ac0c-fef985b0820f"
						},
						"RenderComponent": {
							"enabled": true,
							"guid": "98ea5fe4-bf68-7343-bdc8-945ee9febc13",
							"material": "5c393301-6fe1-e64b-8c6b-052afba8fba9",
							"mesh": "1c45fa7e-e431-a743-9f2d-41cc84d44e7e"
						}
					},
					"guid": "49ba94f1-4148-494f-a19b-f34d50ee35e3",
					"hide_in_inspector": false,
					"name": "Smokeplaque",
					"parent": "fa8a3f57-728b-ba4a-80c2-d281a8339b2b",
					"position": {
						"x": -3.0,
						"y": -24.0,
						"z": 21.0
					},
					"rotation": {
						"w": 1.0,
						"x": 0.0,
						"y": 0.0,
						"z": 0.0
					},
					"scale": {
						"x": 1.0,
						"y": 1.0,
						"z": 1.0
					}
				},
				{
					"children": [],
					"components": {
						"BackgroundObjectsBehaviour": {
							"BezierMode": true,
							"enabled": true,
							"guid": "04bcf9c1-5a91-9d49-a1ef-78df74a4e533"
						},
						"RenderComponent": {
							"enabled": true,
							"guid": "c58c2221-b618-1b46-a7f2-d920618bf7d4",
							"material": "c43f4b14-538d-af4c-8ac4-cd8010c9b2b0",
							"mesh": "793932e4-406e-6542-964d-423949a5e987"
						}
					},
					"guid": "f7dbeaae-b0f0-6540-ad0f-d00962fdda4b",
					"hide_in_inspector": false,
					"name": "Symbiont",
					"parent": "fa8a3f57-728b-ba4a-80c2-d281a8339b2b",
					"position": {
						"x": -12.0,
						"y": 19.0,
						"z": -38.0
					},
					"rotation": {
						"w": 1.0,
						"x": 0.0,
						"y": 0.0,
						"z": 0.0
					},
					"scale": {
						"x": 1.0,
						"y": 1.0,
						"z": 1.0
					}
				},
				{
					"children": [],
					"components": {
						"BackgroundObjectsBehaviour": {
							"BezierMode": false,
							"enabled": true,
							"guid": "a4999724-f266-ce4c-819c-81f03dd58220"
						},
						"RenderComponent": {
							"enabled": true,
							"guid": "9b7ae16d-fb2e-1744-93e0-3063ad8d9a4b",
							"material": "f1af405e-4756-ea42-8e70-c6e0d52ca8c5",
							"mesh": "c42127ac-c620-334c-8194-84af41a6bda2"
						}
					},
					"guid": "eb7a26c2-ace9-f148-8e16-45f97bc7c228",
					"hide_in_inspector": false,
					"name": "Symbiont2",
					"parent": "fa8a3f57-728b-ba4a-80c2-d281a8339b2b",
					"position": {
						"x": 17.0,
						"y": 49.0,
						"z": -15.0
					},
					"rotation": {
						"w": 1.0,
						"x": 0.0,
						"y": 0.0,
						"z": 0.0
					},
					"scale": {
						"x": 1.0,
						"y": 1.0,
						"z": 1.0
					}
				},
				{
					"children": [],
					"components": {
						"RenderComponent": {
							"enabled": true,
							"guid": "827762cc-50a4-a049-afd8-7790c547711b",
							"material": "f1fcecda-98c5-6e44-b75a-cccd9f7e30dd",
							"mesh": "e2230c15-5b30-0247-90e8-cbc3b56a82eb"
						}
					},
					"guid": "19022a23-bb23-4240-ae85-ac3dc023d565",
					"hide_in_inspector": false,
					"name": "Vein",
					"parent": "fa8a3f57-728b-ba4a-80c2-d281a8339b2b",
					"position": {
						"x": 75.0,
						"y": 75.0,
						"z": 75.0
					},
					"rotation": {
						"w": 0.3971312344074249,
						"x": 0.8516507744789124,
						"y": 0.14454394578933716,
						"z": -0.3099755048751831
					},
					"scale": {
						"x": 1.0,
						"y": 1.0,
						"z": 1.0
					}
				},
				{
					"children": [],
					"components": {
						"RenderComponent": {
							"enabled": true,
							"guid": "682f2f20-678d-ca46-aa6c-85f529ebb7f5",
							"material": "f1fcecda-98c5-6e44-b75a-cccd9f7e30dd",
							"mesh": "f6796496-e645-8f44-b418-3fab083a3426"
						}
					},
					"guid": "bb3c2535-7d83-2140-9cbb-4adefa46f78a",
					"hide_in_inspector": false,
					"name": "VeinY",
					"parent": "fa8a3f57-728b-ba4a-80c2-d281a8339b2b",
					"position": {
						"x": -80.0,
						"y": -90.0,
						"z": -100.0
					},
					"rotation": {
						"w": 0.7178749442100525,
						"x": 0.447817862033844,
						"y": 0.4906204640865326,
						"z": -0.20834161341190338
					},
					"scale": {
						"x": 1.0,
						"y": 1.0,
						"z": 1.0
					}
				},
				{
					"children": [],
					"components": {
						"RenderComponent": {
							"enabled": true,
							"guid": "80e409d0-a3f6-364e-b8f8-4caaa2b0fc88",
							"material": "f1fcecda-98c5-6e44-b75a-cccd9f7e30dd",
							"mesh": "4763a81e-d92f-164f-9a76-5e86744cf4ad"
						}
					},
					"guid": "1145579a-262e-7c4a-8d69-cac95960b573",
					"hide_in_inspector": false,
					"name": "VeinStick",
					"parent": "fa8a3f57-728b-ba4a-80c2-d281a8339b2b",
					"position": {
						"x": 0.0,
						"y": 20.0,
						"z": 100.0
					},
					"rotation": {
						"w": 0.7071067690849304,
						"x": -0.7071067690849304,
						"y": 0.0,
						"z": 0.0
					},
					"scale": {
						"x": 1.0,
						"y": 1.0,
						"z": 1.0
					}
				},
				{
					"children": [],
					"components": {
						"BackgroundObjectsBehaviour": {
							"BezierMode": true,
							"enabled": true,
							"guid": "08637e3d-927b-094a-91fb-7e04729bc890"
						},
						"RenderComponent": {
							"enabled": true,
							"guid": "4833085f-5fbd-3d47-b47f-cd463788858a",
							"material": "879ce289-1b48-ba4b-afaa-8eba61ae970f",
							"mesh": "a1b9a9ec-291e-6743-906c-b22c6aab066f"
						}
					},
					"guid": "a229e3b8-c514-ed43-9f34-1ac0cbf49568",
					"hide_in_inspector": false,
					"name": "WhiteBloodCell",
					"parent": "fa8a3f57-728b-ba4a-80c2-d281a8339b2b",
					"position": {
						"x": 44.0,
						"y": -47.0,
						"z": -39.0
					},
					"rotation": {
						"w": 1.0,
						"x": 0.0,
						"y": 0.0,
						"z": 0.0
					},
					"scale": {
						"x": 1.0,
						"y": 1.0,
						"z": 1.0
					}
				},
				{
					"children": [],
					"components": {
						"BackgroundObjectsBehaviour": {
							"BezierMode": false,
							"enabled": true,
							"guid": "ac820ba6-b7b4-d147-96f3-ec84003cdee5"
						},
						"RenderComponent": {
							"enabled": true,
							"guid": "e270de96-c1bc-9848-9484-1dc1f4b3a8e4",
							"material": "32629b7d-2021-4141-ab90-a143745bbea2",
							"mesh": "b9b9ebea-ea13-8c4e-bf00-363f3f803561"
						}
					},
					"guid": "01ea9240-b856-914a-935f-de963a5bdab6",
					"hide_in_inspector": false,
					"name": "WhiteBloodCell2",
					"parent": "fa8a3f57-728b-ba4a-80c2-d281a8339b2b",
					"position": {
						"x": -28.0,
						"y": -17.0,
						"z": 23.0
					},
					"rotation": {
						"w": 1.0,
						"x": 0.0,
						"y": 0.0,
						"z": 0.0
					},
					"scale": {
						"x": 1.0,
						"y": 1.0,
						"z": 1.0
					}
				},
				{
					"children": [],
					"components": {
						"BackgroundObjectsBehaviour": {
							"BezierMode": false,
							"enabled": true,
							"guid": "ea45659a-b462-084c-a4de-3c3549f72ee3"
						},
						"RenderComponent": {
							"enabled": true,
							"guid": "d4a733c8-90ea-b648-b3e8-2aab5395b2d8",
							"material": "0ff98d75-e73b-f740-8b81-dbbb4b5b4547",
							"mesh": "35400286-a411-c148-ab96-acae5a9b64b5"
						}
					},
					"guid": "cb75f12c-7203-e245-987f-9fb4e83bfe45",
					"hide_in_inspector": false,
					"name": "YellowMicrobiota",
					"parent": "fa8a3f57-728b-ba4a-80c2-d281a8339b2b",
					"position": {
						"x": 14.0,
						"y": -9.0,
						"z": -39.0
					},
					"rotation": {
						"w": 1.0,
						"x": 0.0,
						"y": 0.0,
						"z": 0.0
					},
					"scale": {
						"x": 1.0,
						"y": 1.0,
						"z": 1.0
					}
				}
			],
			"components": null,
			"guid": "fa8a3f57-728b-ba4a-80c2-d281a8339b2b",
			"hide_in_inspector": false,
			"name": "BackgroundObjects",
			"parent": "null",
			"position": {
				"x": 0.0,
				"y": 0.0,
				"z": 0.0
			},
			"rotation": {
				"w": 1.0,
				"x": 0.0,
				"y": 0.0,
				"z": 0.0
			},
			"scale": {
				"x": 1.0,
				"y": 1.0,
				"z": 1.0
			}
		},
		{
			"children": [],
			"components": {
				"BackgroundObjectsBehaviour": {
					"BezierMode": true,
					"enabled": true,
					"guid": "d2b21615-5a5a-9347-90ba-449591003dd8"
				},
				"RenderComponent": {
					"enabled": true,
					"guid": "f04b704f-7ab6-6543-b0e5-3dba33b19169",
					"material": "fb2ebb39-246c-c447-ba0b-b2e7d908cfef",
					"mesh": "333198bc-f046-5a45-8021-f66ceec563e4"
				}
			},
			"guid": "c3646984-28a9-6041-b970-f850fa771691",
			"hide_in_inspector": false,
			"name": "APC",
			"parent": "fa8a3f57-728b-ba4a-80c2-d281a8339b2b",
			"position": {
				"x": -9.0,
				"y": 17.0,
				"z": -16.0
			},
			"rotation": {
				"w": 1.0,
				"x": 0.0,
				"y": 0.0,
				"z": 0.0
			},
			"scale": {
				"x": 1.0,
				"y": 1.0,
				"z": 1.0
			}
		},
		{
			"children": [],
			"components": {
				"BackgroundObjectsBehaviour": {
					"BezierMode": false,
					"enabled": true,
					"guid": "0ff1fb65-3feb-af4d-9523-75b765920b9c"
				},
				"RenderComponent": {
					"enabled": true,
					"guid": "4b099bf4-73f9-1c44-8922-ab30010f6b6d",
					"material": "25ebd9ca-45d4-8c41-bc73-727eff007270",
					"mesh": "f6d85ff1-986e-954d-8689-0351961a2a19"
				}
			},
			"guid": "d125d602-42e7-924d-8991-e4e835a8cdf9",
			"hide_in_inspector": false,
			"name": "APC2",
			"parent": "fa8a3f57-728b-ba4a-80c2-d281a8339b2b",
			"position": {
				"x": -50.0,
				"y": 19.0,
				"z": -26.0
			},
			"rotation": {
				"w": 1.0,
				"x": 0.0,
				"y": 0.0,
				"z": 0.0
			},
			"scale": {
				"x": 1.0,
				"y": 1.0,
				"z": 1.0
			}
		},
		{
			"children": [],
			"components": {
				"BackgroundObjectsBehaviour": {
					"BezierMode": true,
					"enabled": true,
					"guid": "5ba236be-f4a5-6247-8734-c1997cb5c918"
				},
				"RenderComponent": {
					"enabled": true,
					"guid": "a47f4a3e-f612-0640-a560-2eb35cc3340d",
					"material": "84a94a38-d6ab-f641-8ce5-ba46140758c1",
					"mesh": "aabc4370-9f7b-ec47-9726-85ab9ceaa648"
				}
			},
			"guid": "7764274c-9a87-d64e-a117-2789871c4611",
			"hide_in_inspector": false,
			"name": "Bronchi",
			"parent": "fa8a3f57-728b-ba4a-80c2-d281a8339b2b",
			"position": {
				"x": 28.0,
				"y": 8.0,
				"z": 12.0
			},
			"rotation": {
				"w": 1.0,
				"x": 0.0,
				"y": 0.0,
				"z": 0.0
			},
			"scale": {
				"x": 1.0,
				"y": 1.0,
				"z": 1.0
			}
		},
		{
			"children": [],
			"components": {
				"BackgroundObjectsBehaviour": {
					"BezierMode": true,
					"enabled": true,
					"guid": "59c47a0c-4e2b-eb4a-b088-921079f3fc3b"
				},
				"RenderComponent": {
					"enabled": true,
					"guid": "60cd68fd-0c3e-334e-a4a5-968e05bd24a1",
					"material": "36a446d0-8dc8-6948-bb41-5c391d855a41",
					"mesh": "dee4ddb4-14fa-4a41-8fd5-b881cf981805"
				}
			},
			"guid": "e80b4cb6-7d60-da42-af15-298146eab96f",
			"hide_in_inspector": false,
			"name": "Cell",
			"parent": "fa8a3f57-728b-ba4a-80c2-d281a8339b2b",
			"position": {
				"x": 14.0,
				"y": -45.0,
				"z": -5.0
			},
			"rotation": {
				"w": 1.0,
				"x": 0.0,
				"y": 0.0,
				"z": 0.0
			},
			"scale": {
				"x": 1.0,
				"y": 1.0,
				"z": 1.0
			}
		},
		{
			"children": [],
			"components": {
				"BackgroundObjectsBehaviour": {
					"BezierMode": false,
					"enabled": true,
					"guid": "91252472-2dfe-3c4d-911a-3d1abf818753"
				},
				"RenderComponent": {
					"enabled": true,
					"guid": "273ea5fb-f5f8-2e44-9f3e-f7d801bcb2ab",
					"material": "f64dc1f4-9685-6b4a-851c-cfeac697e780",
					"mesh": "0ba42728-fe1e-8349-a661-5fd703d3adc1"
				}
			},
			"guid": "0820a291-5bd9-4b48-a8e5-4653b6befcd9",
			"hide_in_inspector": false,
			"name": "Cell2",
			"parent": "fa8a3f57-728b-ba4a-80c2-d281a8339b2b",
			"position": {
				"x": 31.0,
				"y": -23.0,
				"z": 11.0
			},
			"rotation": {
				"w": 1.0,
				"x": 0.0,
				"y": 0.0,
				"z": 0.0
			},
			"scale": {
				"x": 1.0,
				"y": 1.0,
				"z": 1.0
			}
		},
		{
			"children": [],
			"components": {
				"BackgroundObjectsBehaviour": {
					"BezierMode": true,
					"enabled": true,
					"guid": "300d609d-ce1e-ce4b-8a4c-d10f7e33f50c"
				},
				"RenderComponent": {
					"enabled": true,
					"guid": "647242ad-7c5a-1b43-a0c2-7f7ff1e0b073",
					"material": "c5fdbbbb-d3e9-eb44-9710-47ad67c1d6e1",
					"mesh": "74b6487c-4685-bb48-b882-b01d7282d257"
				}
			},
			"guid": "ed757c12-312b-864e-bfac-1850d0843153",
			"hide_in_inspector": false,
			"name": "Co2",
			"parent": "fa8a3f57-728b-ba4a-80c2-d281a8339b2b",
			"position": {
				"x": 41.0,
				"y": 45.0,
				"z": -8.0
			},
			"rotation": {
				"w": 1.0,
				"x": 0.0,
				"y": 0.0,
				"z": 0.0
			},
			"scale": {
				"x": 1.0,
				"y": 1.0,
				"z": 1.0
			}
		},
		{
			"children": [],
			"components": {
				"BackgroundObjectsBehaviour": {
					"BezierMode": true,
					"enabled": true,
					"guid": "c968f78b-4123-8647-a3cf-3cf5a8243c0c"
				},
				"RenderComponent": {
					"enabled": true,
					"guid": "8985287e-8ca9-e243-803b-33c2738c5d82",
					"material": "1adf3042-6a18-3d47-a01d-5b07c0681994",
					"mesh": "5ae21b22-1bc1-004e-91bd-fb0076644ac3"
				}
			},
			"guid": "3d77af4f-8e5a-c94c-8cc6-1b5b877167a3",
			"hide_in_inspector": false,
			"name": "Mca",
			"parent": "fa8a3f57-728b-ba4a-80c2-d281a8339b2b",
			"position": {
				"x": -23.0,
				"y": -14.0,
				"z": 41.0
			},
			"rotation": {
				"w": 1.0,
				"x": 0.0,
				"y": 0.0,
				"z": 0.0
			},
			"scale": {
				"x": 1.0,
				"y": 1.0,
				"z": 1.0
			}
		},
		{
			"children": [],
			"components": {
				"BackgroundObjectsBehaviour": {
					"BezierMode": false,
					"enabled": true,
					"guid": "dd95d95a-c6bf-0e4d-ae20-c1f690d38689"
				},
				"RenderComponent": {
					"enabled": true,
					"guid": "de460a1c-c836-a343-bac5-4ff5daaeeb84",
					"material": "9f270877-5b25-4547-a159-f59c1f4481a7",
					"mesh": "dc530eac-7e22-0741-a3c0-80e91fa9879f"
				}
			},
			"guid": "ce1c6148-c823-f14f-95fb-61c0832dd2f7",
			"hide_in_inspector": false,
			"name": "Microbiota",
			"parent": "fa8a3f57-728b-ba4a-80c2-d281a8339b2b",
			"position": {
				"x": -46.0,
				"y": -48.0,
				"z": 3.0
			},
			"rotation": {
				"w": 1.0,
				"x": 0.0,
				"y": 0.0,
				"z": 0.0
			},
			"scale": {
				"x": 1.0,
				"y": 1.0,
				"z": 1.0
			}
		},
		{
			"children": [],
			"components": {
				"BackgroundObjectsBehaviour": {
					"BezierMode": false,
					"enabled": true,
					"guid": "dfe0991b-94f6-3b45-bd56-ef0ea149a0a8"
				},
				"RenderComponent": {
					"enabled": true,
					"guid": "0111e697-146d-7d41-b2b0-b726ca98496f",
					"material": "535a2683-f72e-5740-ae97-a54d9d806823",
					"mesh": "9496f88d-cb6e-6f49-a99a-38db4aae4156"
				}
			},
			"guid": "a37f6b2d-9e5e-6f41-9787-e2734bcb6861",
			"hide_in_inspector": false,
			"name": "NewGerm",
			"parent": "fa8a3f57-728b-ba4a-80c2-d281a8339b2b",
			"position": {
				"x": 42.0,
				"y": 32.0,
				"z": -29.0
			},
			"rotation": {
				"w": 1.0,
				"x": 0.0,
				"y": 0.0,
				"z": 0.0
			},
			"scale": {
				"x": 1.0,
				"y": 1.0,
				"z": 1.0
			}
		},
		{
			"children": [],
			"components": {
				"BackgroundObjectsBehaviour": {
					"BezierMode": false,
					"enabled": true,
					"guid": "7d0f97e7-8307-5145-9bb0-38222d29f590"
				},
				"RenderComponent": {
					"enabled": true,
					"guid": "4d05c661-e110-3743-9e9a-749ba98f70ff",
					"material": "e57822e9-0ea3-ec42-b9a2-a2e01cf65f28",
					"mesh": "871420c4-416a-5c48-bebb-fda72a3d696d"
				}
			},
			"guid": "a65107c3-78c9-5c49-b4f3-9b3fd51fddbb",
			"hide_in_inspector": false,
			"name": "Oxygen",
			"parent": "fa8a3f57-728b-ba4a-80c2-d281a8339b2b",
			"position": {
				"x": -34.0,
				"y": -32.0,
				"z": 45.0
			},
			"rotation": {
				"w": 1.0,
				"x": 0.0,
				"y": 0.0,
				"z": 0.0
			},
			"scale": {
				"x": 1.0,
				"y": 1.0,
				"z": 1.0
			}
		},
		{
			"children": [],
			"components": {
				"RenderComponent": {
					"enabled": true,
					"guid": "727748b7-b083-7a4a-9ed3-f97b16884438",
					"material": "f3e7241c-978a-2e4f-87a5-9eef588e4d0d",
					"mesh": "6bdc817a-db79-314c-8376-506e8c61caf7"
				}
			},
			"guid": "15a0f629-3329-2141-8d9e-76ae94c280c6",
			"hide_in_inspector": false,
			"name": "Top Pipe Entrance",
			"parent": "fa8a3f57-728b-ba4a-80c2-d281a8339b2b",
			"position": {
				"x": 0.0,
				"y": 0.0,
				"z": 100.0
			},
			"rotation": {
				"w": 0.7071067690849304,
				"x": 0.7071067690849304,
				"y": 0.0,
				"z": 0.0
			},
			"scale": {
				"x": 5.0,
				"y": 5.0,
				"z": 5.0
			}
		},
		{
			"children": [],
			"components": {
				"RenderComponent": {
					"enabled": true,
					"guid": "9ca4f5ea-3737-234c-9931-b2a4a76606df",
					"material": "f3e7241c-978a-2e4f-87a5-9eef588e4d0d",
					"mesh": "6bdc817a-db79-314c-8376-506e8c61caf7"
				}
			},
			"guid": "80816fe1-4f12-e748-b663-5a5ed3f9e478",
			"hide_in_inspector": false,
			"name": "Bottom Pipe Entrance",
			"parent": "fa8a3f57-728b-ba4a-80c2-d281a8339b2b",
			"position": {
				"x": 0.0,
				"y": 0.0,
				"z": -100.0
			},
			"rotation": {
				"w": -3.0908619663705394e-08,
				"x": -3.0908619663705394e-08,
				"y": 0.7071067690849304,
				"z": -0.7071067690849304
			},
			"scale": {
				"x": 5.0,
				"y": 5.0,
				"z": 5.0
			}
		},
		{
			"children": [],
			"components": {
				"BackgroundObjectsBehaviour": {
					"BezierMode": true,
					"enabled": true,
					"guid": "6fe4a91d-4900-f548-ac0c-fef985b0820f"
				},
				"RenderComponent": {
					"enabled": true,
					"guid": "98ea5fe4-bf68-7343-bdc8-945ee9febc13",
					"material": "5c393301-6fe1-e64b-8c6b-052afba8fba9",
					"mesh": "1c45fa7e-e431-a743-9f2d-41cc84d44e7e"
				}
			},
			"guid": "49ba94f1-4148-494f-a19b-f34d50ee35e3",
			"hide_in_inspector": false,
			"name": "Smokeplaque",
			"parent": "fa8a3f57-728b-ba4a-80c2-d281a8339b2b",
			"position": {
				"x": -3.0,
				"y": -24.0,
				"z": 21.0
			},
			"rotation": {
				"w": 1.0,
				"x": 0.0,
				"y": 0.0,
				"z": 0.0
			},
			"scale": {
				"x": 1.0,
				"y": 1.0,
				"z": 1.0
			}
		},
		{
			"children": [],
			"components": {
				"BackgroundObjectsBehaviour": {
					"BezierMode": true,
					"enabled": true,
					"guid": "04bcf9c1-5a91-9d49-a1ef-78df74a4e533"
				},
				"RenderComponent": {
					"enabled": true,
					"guid": "c58c2221-b618-1b46-a7f2-d920618bf7d4",
					"material": "c43f4b14-538d-af4c-8ac4-cd8010c9b2b0",
					"mesh": "793932e4-406e-6542-964d-423949a5e987"
				}
			},
			"guid": "f7dbeaae-b0f0-6540-ad0f-d00962fdda4b",
			"hide_in_inspector": false,
			"name": "Symbiont",
			"parent": "fa8a3f57-728b-ba4a-80c2-d281a8339b2b",
			"position": {
				"x": -12.0,
				"y": 19.0,
				"z": -38.0
			},
			"rotation": {
				"w": 1.0,
				"x": 0.0,
				"y": 0.0,
				"z": 0.0
			},
			"scale": {
				"x": 1.0,
				"y": 1.0,
				"z": 1.0
			}
		},
		{
			"children": [],
			"components": {
				"BackgroundObjectsBehaviour": {
					"BezierMode": false,
					"enabled": true,
					"guid": "a4999724-f266-ce4c-819c-81f03dd58220"
				},
				"RenderComponent": {
					"enabled": true,
					"guid": "9b7ae16d-fb2e-1744-93e0-3063ad8d9a4b",
					"material": "f1af405e-4756-ea42-8e70-c6e0d52ca8c5",
					"mesh": "c42127ac-c620-334c-8194-84af41a6bda2"
				}
			},
			"guid": "eb7a26c2-ace9-f148-8e16-45f97bc7c228",
			"hide_in_inspector": false,
			"name": "Symbiont2",
			"parent": "fa8a3f57-728b-ba4a-80c2-d281a8339b2b",
			"position": {
				"x": 17.0,
				"y": 49.0,
				"z": -15.0
			},
			"rotation": {
				"w": 1.0,
				"x": 0.0,
				"y": 0.0,
				"z": 0.0
			},
			"scale": {
				"x": 1.0,
				"y": 1.0,
				"z": 1.0
			}
		},
		{
			"children": [],
			"components": {
				"RenderComponent": {
					"enabled": true,
					"guid": "827762cc-50a4-a049-afd8-7790c547711b",
					"material": "f1fcecda-98c5-6e44-b75a-cccd9f7e30dd",
					"mesh": "e2230c15-5b30-0247-90e8-cbc3b56a82eb"
				}
			},
			"guid": "19022a23-bb23-4240-ae85-ac3dc023d565",
			"hide_in_inspector": false,
			"name": "Vein",
			"parent": "fa8a3f57-728b-ba4a-80c2-d281a8339b2b",
			"position": {
				"x": 75.0,
				"y": 75.0,
				"z": 75.0
			},
			"rotation": {
				"w": 0.3971312344074249,
				"x": 0.8516507744789124,
				"y": 0.14454394578933716,
				"z": -0.3099755048751831
			},
			"scale": {
				"x": 1.0,
				"y": 1.0,
				"z": 1.0
			}
		},
		{
			"children": [],
			"components": {
				"RenderComponent": {
					"enabled": true,
					"guid": "682f2f20-678d-ca46-aa6c-85f529ebb7f5",
					"material": "f1fcecda-98c5-6e44-b75a-cccd9f7e30dd",
					"mesh": "f6796496-e645-8f44-b418-3fab083a3426"
				}
			},
			"guid": "bb3c2535-7d83-2140-9cbb-4adefa46f78a",
			"hide_in_inspector": false,
			"name": "VeinY",
			"parent": "fa8a3f57-728b-ba4a-80c2-d281a8339b2b",
			"position": {
				"x": -80.0,
				"y": -90.0,
				"z": -100.0
			},
			"rotation": {
				"w": 0.7178749442100525,
				"x": 0.447817862033844,
				"y": 0.4906204640865326,
				"z": -0.20834161341190338
			},
			"scale": {
				"x": 1.0,
				"y": 1.0,
				"z": 1.0
			}
		},
		{
			"children": [],
			"components": {
				"RenderComponent": {
					"enabled": true,
					"guid": "80e409d0-a3f6-364e-b8f8-4caaa2b0fc88",
					"material": "f1fcecda-98c5-6e44-b75a-cccd9f7e30dd",
					"mesh": "4763a81e-d92f-164f-9a76-5e86744cf4ad"
				}
			},
			"guid": "1145579a-262e-7c4a-8d69-cac95960b573",
			"hide_in_inspector": false,
			"name": "VeinStick",
			"parent": "fa8a3f57-728b-ba4a-80c2-d281a8339b2b",
			"position": {
				"x": 0.0,
				"y": 20.0,
				"z": 100.0
			},
			"rotation": {
				"w": 0.7071067690849304,
				"x": -0.7071067690849304,
				"y": 0.0,
				"z": 0.0
			},
			"scale": {
				"x": 1.0,
				"y": 1.0,
				"z": 1.0
			}
		},
		{
			"children": [],
			"components": {
				"BackgroundObjectsBehaviour": {
					"BezierMode": true,
					"enabled": true,
					"guid": "08637e3d-927b-094a-91fb-7e04729bc890"
				},
				"RenderComponent": {
					"enabled": true,
					"guid": "4833085f-5fbd-3d47-b47f-cd463788858a",
					"material": "879ce289-1b48-ba4b-afaa-8eba61ae970f",
					"mesh": "a1b9a9ec-291e-6743-906c-b22c6aab066f"
				}
			},
			"guid": "a229e3b8-c514-ed43-9f34-1ac0cbf49568",
			"hide_in_inspector": false,
			"name": "WhiteBloodCell",
			"parent": "fa8a3f57-728b-ba4a-80c2-d281a8339b2b",
			"position": {
				"x": 44.0,
				"y": -47.0,
				"z": -39.0
			},
			"rotation": {
				"w": 1.0,
				"x": 0.0,
				"y": 0.0,
				"z": 0.0
			},
			"scale": {
				"x": 1.0,
				"y": 1.0,
				"z": 1.0
			}
		},
		{
			"children": [],
			"components": {
				"BackgroundObjectsBehaviour": {
					"BezierMode": false,
					"enabled": true,
					"guid": "ac820ba6-b7b4-d147-96f3-ec84003cdee5"
				},
				"RenderComponent": {
					"enabled": true,
					"guid": "e270de96-c1bc-9848-9484-1dc1f4b3a8e4",
					"material": "32629b7d-2021-4141-ab90-a143745bbea2",
					"mesh": "b9b9ebea-ea13-8c4e-bf00-363f3f803561"
				}
			},
			"guid": "01ea9240-b856-914a-935f-de963a5bdab6",
			"hide_in_inspector": false,
			"name": "WhiteBloodCell2",
			"parent": "fa8a3f57-728b-ba4a-80c2-d281a8339b2b",
			"position": {
				"x": -28.0,
				"y": -17.0,
				"z": 23.0
			},
			"rotation": {
				"w": 1.0,
				"x": 0.0,
				"y": 0.0,
				"z": 0.0
			},
			"scale": {
				"x": 1.0,
				"y": 1.0,
				"z": 1.0
			}
		},
		{
			"children": [],
			"components": {
				"BackgroundObjectsBehaviour": {
					"BezierMode": false,
					"enabled": true,
					"guid": "ea45659a-b462-084c-a4de-3c3549f72ee3"
				},
				"RenderComponent": {
					"enabled": true,
					"guid": "d4a733c8-90ea-b648-b3e8-2aab5395b2d8",
					"material": "0ff98d75-e73b-f740-8b81-dbbb4b5b4547",
					"mesh": "35400286-a411-c148-ab96-acae5a9b64b5"
				}
			},
			"guid": "cb75f12c-7203-e245-987f-9fb4e83bfe45",
			"hide_in_inspector": false,
			"name": "YellowMicrobiota",
			"parent": "fa8a3f57-728b-ba4a-80c2-d281a8339b2b",
			"position": {
				"x": 14.0,
				"y": -9.0,
				"z": -39.0
			},
			"rotation": {
				"w": 1.0,
				"x": 0.0,
				"y": 0.0,
				"z": 0.0
			},
			"scale": {
				"x": 1.0,
				"y": 1.0,
				"z": 1.0
			}
		},
		{
			"children": [],
			"components": {
				"UiController": {
					"EightyPercentHp": "11638cf8-1b59-084d-8c68-8377987da28e",
					"Font": "03af57d2-b9a4-6f4d-b2d0-0000cb880f84",
					"FortyPercentHp": "758cb96d-7ed0-c140-9e57-aad8598c44b3",
					"FullHp": "a98e111d-c39d-df45-b009-95af28c67338",
					"GameOverTexture": "e71ad92f-51f8-5749-a739-92c3342299c8",
					"GamePauseTexture": "7da62399-fdf2-7c4a-bdd5-bf441c8f56b8",
					"GamePauseTutorialNextTexture": "bac87256-b548-3b43-a551-9d9b51413e01",
					"GamePauseTutorialTexture": "2710cc7c-bf79-eb48-9d8c-e8a4e747d2aa",
					"GameTitleTexture": "fbbfa161-6e35-ea4b-960b-2fcc05decab5",
					"GameTutorialNextTexture": "0c912714-bde2-d740-95f9-8aea79d6a4e7",
					"GameTutorialTexture": "bbe6f3d5-1f0e-344b-bbff-77e1353103d5",
					"GameWinTexture": "9bc6f33c-18b2-a245-a088-873d2845cad5",
					"HalfHp": "83557297-6abd-0a4f-bc24-f1b210739997",
					"NintyPercentHp": "d254d710-50f6-2840-b728-9ac29ed7cb90",
					"NoHp": "4be17acb-5249-d442-ae47-c1c59900de70",
					"SeventyPercentHp": "fe367f6e-b269-e046-80a6-0939bedec390",
					"SixtyPercentHp": "40a43867-a119-1e4f-90bc-0ae61b1149e3",
					"TenPercentHp": "f71fdcdc-aef4-9943-9c02-1781a1e3ef45",
					"ThirtyPercentHp": "88800612-4d65-1b4b-822e-781848875dbc",
					"TwentyPercentHp": "0fdf0686-7b83-eb40-b884-16c9189bc664",
					"enabled": true,
					"guid": "201497a1-440a-9147-bbd1-99e46abba83f"
				}
			},
			"guid": "cbe5094e-cb3b-5749-b52a-2cb0d59d5e5b",
			"hide_in_inspector": false,
			"name": "UI",
			"parent": "null",
			"position": {
				"x": 0.0,
				"y": 0.0,
				"z": 0.0
			},
			"rotation": {
				"w": 1.0,
				"x": 0.0,
				"y": 0.0,
				"z": 0.0
			},
			"scale": {
				"x": 1.0,
				"y": 1.0,
				"z": 1.0
			}
		}
	],
	"skybox": {
		"mesh": "null",
		"orientation": {
			"w": 0.7071067690849304,
			"x": 0.7071067690849304,
			"y": 0.0,
			"z": 0.0
		},
		"shader": "49a6d03f-f626-d441-b6b3-495ddb56439c",
		"texture": "178ce276-b368-5945-b28b-6a770070c1bd"
	}
}